Gene,Sample_Name,Treatment,Biological_Replica,Technical_Replica,Plate,Target_Type,Target_Name,Ct,Obs,qPCR_Date
IM3,control_1,Control,1,1,1,Experimental,IM3,23.50909996,,2019_07_29
IM3,control_2,Control,2,1,1,Experimental,IM3,28.27757835,,2019_07_29
IM3,control_3,Control,3,1,1,Experimental,IM3,19.08791351,,2019_07_29
IM3,control_4,Control,4,1,1,Experimental,IM3,29.10358429,,2019_07_29
IM3,oil_1,Oil,1,1,1,Experimental,IM3,19.84618378,,2019_07_29
IM3,oil_2,Oil,2,1,1,Experimental,IM3,18.57637405,,2019_07_29
IM3,oil_3,Oil,3,1,1,Experimental,IM3,22.04674721,,2019_07_29
IM3,oil_4,Oil,4,1,1,Experimental,IM3,21.66754341,,2019_07_29
IM3,waspoil_1,Wasp_Extract,1,1,1,Experimental,IM3,20.98443985,,2019_07_29
IM3,waspoil_2,Wasp_Extract,2,1,1,Experimental,IM3,22.18892097,,2019_07_29
IM3,waspoil_3,Wasp_Extract,3,1,1,Experimental,IM3,22.14274597,,2019_07_29
IM3,waspoil_4,Wasp_Extract,4,1,1,Experimental,IM3,21.60463905,,2019_07_29
lectin-24A,control_1,Control,1,1,1,Experimental,lectin-24A,26.71352386,,2019_07_29
lectin-24A,control_2,Control,2,1,1,Experimental,lectin-24A,28.36164284,,2019_07_29
lectin-24A,control_3,Control,3,1,1,Experimental,lectin-24A,26.097229,,2019_07_29
lectin-24A,control_4,Control,4,1,1,Experimental,lectin-24A,26.5477047,,2019_07_29
lectin-24A,oil_1,Oil,1,1,1,Experimental,lectin-24A,25.74962425,,2019_07_29
lectin-24A,oil_2,Oil,2,1,1,Experimental,lectin-24A,26.94416809,,2019_07_29
lectin-24A,oil_3,Oil,3,1,1,Experimental,lectin-24A,26.61066246,,2019_07_29
lectin-24A,oil_4,Oil,4,1,1,Experimental,lectin-24A,27.62063026,,2019_07_29
lectin-24A,waspoil_1,Wasp_Extract,1,1,1,Experimental,lectin-24A,24.55635452,,2019_07_29
lectin-24A,waspoil_2,Wasp_Extract,2,1,1,Experimental,lectin-24A,22.22495651,,2019_07_29
lectin-24A,waspoil_3,Wasp_Extract,3,1,1,Experimental,lectin-24A,24.70633888,,2019_07_29
lectin-24A,waspoil_4,Wasp_Extract,4,1,1,Experimental,lectin-24A,23.67608261,,2019_07_29
CG33461,control_1,Control,1,1,1,Experimental,CG33461,32.13362885,,2019_07_29
CG33461,control_2,Control,2,1,1,Experimental,CG33461,32.97233582,,2019_07_29
CG33461,control_3,Control,3,1,1,Experimental,CG33461,32.12247849,,2019_07_29
CG33461,control_4,Control,4,1,1,Experimental,CG33461,29.45082092,,2019_07_29
CG33461,oil_1,Oil,1,1,1,Experimental,CG33461,32.40140915,,2019_07_29
CG33461,oil_2,Oil,2,1,1,Experimental,CG33461,32.87319946,,2019_07_29
CG33461,oil_3,Oil,3,1,1,Experimental,CG33461,32.876091,,2019_07_29
CG33461,oil_4,Oil,4,1,1,Experimental,CG33461,32.20690918,,2019_07_29
CG33461,waspoil_1,Wasp_Extract,1,1,1,Experimental,CG33461,28.71080589,,2019_07_29
CG33461,waspoil_2,Wasp_Extract,2,1,1,Experimental,CG33461,26.79989052,,2019_07_29
CG33461,waspoil_3,Wasp_Extract,3,1,1,Experimental,CG33461,28.65022659,,2019_07_29
CG33461,waspoil_4,Wasp_Extract,4,1,1,Experimental,CG33461,27.36304283,,2019_07_29
IM1,control_1,Control,1,1,1,Experimental,IM1,28.77651215,,2019_07_29
IM1,control_2,Control,2,1,1,Experimental,IM1,33.66742325,,2019_07_29
IM1,control_3,Control,3,1,1,Experimental,IM1,20.66283607,,2019_07_29
IM1,control_4,Control,4,1,1,Experimental,IM1,31.80711555,,2019_07_29
IM1,oil_1,Oil,1,1,1,Experimental,IM1,23.23806763,,2019_07_29
IM1,oil_2,Oil,2,1,1,Experimental,IM1,20.85802269,,2019_07_29
IM1,oil_3,Oil,3,1,1,Experimental,IM1,24.53652954,,2019_07_29
IM1,oil_4,Oil,4,1,1,Experimental,IM1,24.85542297,,2019_07_29
IM1,waspoil_1,Wasp_Extract,1,1,1,Experimental,IM1,22.21500206,,2019_07_29
IM1,waspoil_2,Wasp_Extract,2,1,1,Experimental,IM1,24.65123749,,2019_07_29
IM1,waspoil_3,Wasp_Extract,3,1,1,Experimental,IM1,26.17429733,,2019_07_29
IM1,waspoil_4,Wasp_Extract,4,1,1,Experimental,IM1,25.56420898,,2019_07_29
CG6788,control_1,Control,1,1,1,Experimental,CG6788,35.45041656,,2019_07_29
CG6788,control_2,Control,2,1,1,Experimental,CG6788,35.30950165,,2019_07_29
CG6788,control_3,Control,3,1,1,Experimental,CG6788,28.49175835,,2019_07_29
CG6788,control_4,Control,4,1,1,Experimental,CG6788,35.19234848,,2019_07_29
CG6788,oil_1,Oil,1,1,1,Experimental,CG6788,33.83097076,,2019_07_29
CG6788,oil_2,Oil,2,1,1,Experimental,CG6788,33.05203629,,2019_07_29
CG6788,oil_3,Oil,3,1,1,Experimental,CG6788,34.17727661,,2019_07_29
CG6788,oil_4,Oil,4,1,1,Experimental,CG6788,32.98951721,,2019_07_29
CG6788,waspoil_1,Wasp_Extract,1,1,1,Experimental,CG6788,30.55540466,,2019_07_29
CG6788,waspoil_2,Wasp_Extract,2,1,1,Experimental,CG6788,27.30330849,,2019_07_29
CG6788,waspoil_3,Wasp_Extract,3,1,1,Experimental,CG6788,28.03886795,,2019_07_29
CG6788,waspoil_4,Wasp_Extract,4,1,1,Experimental,CG6788,27.39683151,,2019_07_29
IM3,control_1,Control,1,2,1,Experimental,IM3,23.58871841,,2019_07_29
IM3,control_2,Control,2,2,1,Experimental,IM3,28.07499123,,2019_07_29
IM3,control_3,Control,3,2,1,Experimental,IM3,19.23051643,,2019_07_29
IM3,control_4,Control,4,2,1,Experimental,IM3,29.35879707,,2019_07_29
IM3,oil_1,Oil,1,2,1,Experimental,IM3,19.87833786,,2019_07_29
IM3,oil_2,Oil,2,2,1,Experimental,IM3,18.55729485,,2019_07_29
IM3,oil_3,Oil,3,2,1,Experimental,IM3,22.11790848,,2019_07_29
IM3,oil_4,Oil,4,2,1,Experimental,IM3,21.52023125,,2019_07_29
IM3,waspoil_1,Wasp_Extract,1,2,1,Experimental,IM3,20.91323662,,2019_07_29
IM3,waspoil_2,Wasp_Extract,2,2,1,Experimental,IM3,22.16244507,,2019_07_29
IM3,waspoil_3,Wasp_Extract,3,2,1,Experimental,IM3,22.1912365,,2019_07_29
IM3,waspoil_4,Wasp_Extract,4,2,1,Experimental,IM3,21.51191139,,2019_07_29
lectin-24A,control_1,Control,1,2,1,Experimental,lectin-24A,26.58492851,,2019_07_29
lectin-24A,control_2,Control,2,2,1,Experimental,lectin-24A,28.09492302,,2019_07_29
lectin-24A,control_3,Control,3,2,1,Experimental,lectin-24A,26.26221275,,2019_07_29
lectin-24A,control_4,Control,4,2,1,Experimental,lectin-24A,26.51564789,,2019_07_29
lectin-24A,oil_1,Oil,1,2,1,Experimental,lectin-24A,25.75756645,,2019_07_29
lectin-24A,oil_2,Oil,2,2,1,Experimental,lectin-24A,26.83072662,,2019_07_29
lectin-24A,oil_3,Oil,3,2,1,Experimental,lectin-24A,26.59307098,,2019_07_29
lectin-24A,oil_4,Oil,4,2,1,Experimental,lectin-24A,27.49691391,,2019_07_29
lectin-24A,waspoil_1,Wasp_Extract,1,2,1,Experimental,lectin-24A,24.48447037,,2019_07_29
lectin-24A,waspoil_2,Wasp_Extract,2,2,1,Experimental,lectin-24A,22.11121559,,2019_07_29
lectin-24A,waspoil_3,Wasp_Extract,3,2,1,Experimental,lectin-24A,24.60905838,,2019_07_29
lectin-24A,waspoil_4,Wasp_Extract,4,2,1,Experimental,lectin-24A,23.61883736,,2019_07_29
CG33461,control_1,Control,1,2,1,Experimental,CG33461,34.69781113,,2019_07_29
CG33461,control_2,Control,2,2,1,Experimental,CG33461,32.78297806,,2019_07_29
CG33461,control_3,Control,3,2,1,Experimental,CG33461,31.71970177,,2019_07_29
CG33461,control_4,Control,4,2,1,Experimental,CG33461,29.35893822,,2019_07_29
CG33461,oil_1,Oil,1,2,1,Experimental,CG33461,31.84571266,,2019_07_29
CG33461,oil_2,Oil,2,2,1,Experimental,CG33461,32.89197922,,2019_07_29
CG33461,oil_3,Oil,3,2,1,Experimental,CG33461,33.79385376,,2019_07_29
CG33461,oil_4,Oil,4,2,1,Experimental,CG33461,37.93083572,,2019_07_29
CG33461,waspoil_1,Wasp_Extract,1,2,1,Experimental,CG33461,28.95730591,,2019_07_29
CG33461,waspoil_2,Wasp_Extract,2,2,1,Experimental,CG33461,26.66939163,,2019_07_29
CG33461,waspoil_3,Wasp_Extract,3,2,1,Experimental,CG33461,28.73746681,,2019_07_29
CG33461,waspoil_4,Wasp_Extract,4,2,1,Experimental,CG33461,27.36559486,,2019_07_29
IM1,control_1,Control,1,2,1,Experimental,IM1,29.09990692,,2019_07_29
IM1,control_2,Control,2,2,1,Experimental,IM1,34.06272125,,2019_07_29
IM1,control_3,Control,3,2,1,Experimental,IM1,20.58022308,,2019_07_29
IM1,control_4,Control,4,2,1,Experimental,IM1,32.12181473,,2019_07_29
IM1,oil_1,Oil,1,2,1,Experimental,IM1,23.20425606,,2019_07_29
IM1,oil_2,Oil,2,2,1,Experimental,IM1,20.86341476,,2019_07_29
IM1,oil_3,Oil,3,2,1,Experimental,IM1,24.65026093,,2019_07_29
IM1,oil_4,Oil,4,2,1,Experimental,IM1,24.76528358,,2019_07_29
IM1,waspoil_1,Wasp_Extract,1,2,1,Experimental,IM1,22.18035507,,2019_07_29
IM1,waspoil_2,Wasp_Extract,2,2,1,Experimental,IM1,24.76528358,,2019_07_29
IM1,waspoil_3,Wasp_Extract,3,2,1,Experimental,IM1,26.33047676,,2019_07_29
IM1,waspoil_4,Wasp_Extract,4,2,1,Experimental,IM1,25.59328842,,2019_07_29
CG6788,control_1,Control,1,2,1,Experimental,CG6788,32.77950287,,2019_07_29
CG6788,control_2,Control,2,2,1,Experimental,CG6788,35.03310013,,2019_07_29
CG6788,control_3,Control,3,2,1,Experimental,CG6788,28.60724831,,2019_07_29
CG6788,control_4,Control,4,2,1,Experimental,CG6788,33.28207016,,2019_07_29
CG6788,oil_1,Oil,1,2,1,Experimental,CG6788,33.71472931,,2019_07_29
CG6788,oil_2,Oil,2,2,1,Experimental,CG6788,33.75123596,,2019_07_29
CG6788,oil_3,Oil,3,2,1,Experimental,CG6788,36.46472549,,2019_07_29
CG6788,oil_4,Oil,4,2,1,Experimental,CG6788,32.95648193,,2019_07_29
CG6788,waspoil_1,Wasp_Extract,1,2,1,Experimental,CG6788,30.45108986,,2019_07_29
CG6788,waspoil_2,Wasp_Extract,2,2,1,Experimental,CG6788,27.23571587,,2019_07_29
CG6788,waspoil_3,Wasp_Extract,3,2,1,Experimental,CG6788,28.16087151,,2019_07_29
CG6788,waspoil_4,Wasp_Extract,4,2,1,Experimental,CG6788,27.24665451,,2019_07_29
IM3,control_1,Control,1,1,1,Control,Rpl,19.68473053,,2019_07_29
IM3,control_2,Control,2,1,1,Control,Rpl,19.61462593,,2019_07_29
IM3,control_3,Control,3,1,1,Control,Rpl,20.10226059,,2019_07_29
IM3,control_4,Control,4,1,1,Control,Rpl,19.53591347,,2019_07_29
IM3,oil_1,Oil,1,1,1,Control,Rpl,20.39159966,,2019_07_29
IM3,oil_2,Oil,2,1,1,Control,Rpl,20.18871689,,2019_07_29
IM3,oil_3,Oil,3,1,1,Control,Rpl,20.38809586,,2019_07_29
IM3,oil_4,Oil,4,1,1,Control,Rpl,20.13826942,,2019_07_29
IM3,waspoil_1,Wasp_Extract,1,1,1,Control,Rpl,20.39611435,,2019_07_29
IM3,waspoil_2,Wasp_Extract,2,1,1,Control,Rpl,19.78821754,,2019_07_29
IM3,waspoil_3,Wasp_Extract,3,1,1,Control,Rpl,19.74071121,,2019_07_29
IM3,waspoil_4,Wasp_Extract,4,1,1,Control,Rpl,20.04251099,,2019_07_29
lectin-24A,control_1,Control,1,1,1,Control,Rpl,19.68473053,,2019_07_29
lectin-24A,control_2,Control,2,1,1,Control,Rpl,19.61462593,,2019_07_29
lectin-24A,control_3,Control,3,1,1,Control,Rpl,20.10226059,,2019_07_29
lectin-24A,control_4,Control,4,1,1,Control,Rpl,19.53591347,,2019_07_29
lectin-24A,oil_1,Oil,1,1,1,Control,Rpl,20.39159966,,2019_07_29
lectin-24A,oil_2,Oil,2,1,1,Control,Rpl,20.18871689,,2019_07_29
lectin-24A,oil_3,Oil,3,1,1,Control,Rpl,20.38809586,,2019_07_29
lectin-24A,oil_4,Oil,4,1,1,Control,Rpl,20.13826942,,2019_07_29
lectin-24A,waspoil_1,Wasp_Extract,1,1,1,Control,Rpl,20.39611435,,2019_07_29
lectin-24A,waspoil_2,Wasp_Extract,2,1,1,Control,Rpl,19.78821754,,2019_07_29
lectin-24A,waspoil_3,Wasp_Extract,3,1,1,Control,Rpl,19.74071121,,2019_07_29
lectin-24A,waspoil_4,Wasp_Extract,4,1,1,Control,Rpl,20.04251099,,2019_07_29
CG33461,control_1,Control,1,1,1,Control,Rpl,19.68473053,,2019_07_29
CG33461,control_2,Control,2,1,1,Control,Rpl,19.61462593,,2019_07_29
CG33461,control_3,Control,3,1,1,Control,Rpl,20.10226059,,2019_07_29
CG33461,control_4,Control,4,1,1,Control,Rpl,19.53591347,,2019_07_29
CG33461,oil_1,Oil,1,1,1,Control,Rpl,20.39159966,,2019_07_29
CG33461,oil_2,Oil,2,1,1,Control,Rpl,20.18871689,,2019_07_29
CG33461,oil_3,Oil,3,1,1,Control,Rpl,20.38809586,,2019_07_29
CG33461,oil_4,Oil,4,1,1,Control,Rpl,20.13826942,,2019_07_29
CG33461,waspoil_1,Wasp_Extract,1,1,1,Control,Rpl,20.39611435,,2019_07_29
CG33461,waspoil_2,Wasp_Extract,2,1,1,Control,Rpl,19.78821754,,2019_07_29
CG33461,waspoil_3,Wasp_Extract,3,1,1,Control,Rpl,19.74071121,,2019_07_29
CG33461,waspoil_4,Wasp_Extract,4,1,1,Control,Rpl,20.04251099,,2019_07_29
IM1,control_1,Control,1,1,1,Control,Rpl,19.68473053,,2019_07_29
IM1,control_2,Control,2,1,1,Control,Rpl,19.61462593,,2019_07_29
IM1,control_3,Control,3,1,1,Control,Rpl,20.10226059,,2019_07_29
IM1,control_4,Control,4,1,1,Control,Rpl,19.53591347,,2019_07_29
IM1,oil_1,Oil,1,1,1,Control,Rpl,20.39159966,,2019_07_29
IM1,oil_2,Oil,2,1,1,Control,Rpl,20.18871689,,2019_07_29
IM1,oil_3,Oil,3,1,1,Control,Rpl,20.38809586,,2019_07_29
IM1,oil_4,Oil,4,1,1,Control,Rpl,20.13826942,,2019_07_29
IM1,waspoil_1,Wasp_Extract,1,1,1,Control,Rpl,20.39611435,,2019_07_29
IM1,waspoil_2,Wasp_Extract,2,1,1,Control,Rpl,19.78821754,,2019_07_29
IM1,waspoil_3,Wasp_Extract,3,1,1,Control,Rpl,19.74071121,,2019_07_29
IM1,waspoil_4,Wasp_Extract,4,1,1,Control,Rpl,20.04251099,,2019_07_29
CG6788,control_1,Control,1,1,1,Control,Rpl,19.68473053,,2019_07_29
CG6788,control_2,Control,2,1,1,Control,Rpl,19.61462593,,2019_07_29
CG6788,control_3,Control,3,1,1,Control,Rpl,20.10226059,,2019_07_29
CG6788,control_4,Control,4,1,1,Control,Rpl,19.53591347,,2019_07_29
CG6788,oil_1,Oil,1,1,1,Control,Rpl,20.39159966,,2019_07_29
CG6788,oil_2,Oil,2,1,1,Control,Rpl,20.18871689,,2019_07_29
CG6788,oil_3,Oil,3,1,1,Control,Rpl,20.38809586,,2019_07_29
CG6788,oil_4,Oil,4,1,1,Control,Rpl,20.13826942,,2019_07_29
CG6788,waspoil_1,Wasp_Extract,1,1,1,Control,Rpl,20.39611435,,2019_07_29
CG6788,waspoil_2,Wasp_Extract,2,1,1,Control,Rpl,19.78821754,,2019_07_29
CG6788,waspoil_3,Wasp_Extract,3,1,1,Control,Rpl,19.74071121,,2019_07_29
CG6788,waspoil_4,Wasp_Extract,4,1,1,Control,Rpl,20.04251099,,2019_07_29
IM3,control_1,Control,1,2,1,Control,Rpl,19.74513435,,2019_07_29
IM3,control_2,Control,2,2,1,Control,Rpl,19.65669441,,2019_07_29
IM3,control_3,Control,3,2,1,Control,Rpl,20.2791729,,2019_07_29
IM3,control_4,Control,4,2,1,Control,Rpl,19.6261158,,2019_07_29
IM3,oil_1,Oil,1,2,1,Control,Rpl,20.63779259,,2019_07_29
IM3,oil_2,Oil,2,2,1,Control,Rpl,20.28820992,,2019_07_29
IM3,oil_3,Oil,3,2,1,Control,Rpl,20.50206757,,2019_07_29
IM3,oil_4,Oil,4,2,1,Control,Rpl,20.1205101,,2019_07_29
IM3,waspoil_1,Wasp_Extract,1,2,1,Control,Rpl,20.40710068,,2019_07_29
IM3,waspoil_2,Wasp_Extract,2,2,1,Control,Rpl,19.7543354,,2019_07_29
IM3,waspoil_3,Wasp_Extract,3,2,1,Control,Rpl,19.83623695,,2019_07_29
IM3,waspoil_4,Wasp_Extract,4,2,1,Control,Rpl,20.0605545,,2019_07_29
lectin-24A,control_1,Control,1,2,1,Control,Rpl,19.74513435,,2019_07_29
lectin-24A,control_2,Control,2,2,1,Control,Rpl,19.65669441,,2019_07_29
lectin-24A,control_3,Control,3,2,1,Control,Rpl,20.2791729,,2019_07_29
lectin-24A,control_4,Control,4,2,1,Control,Rpl,19.6261158,,2019_07_29
lectin-24A,oil_1,Oil,1,2,1,Control,Rpl,20.63779259,,2019_07_29
lectin-24A,oil_2,Oil,2,2,1,Control,Rpl,20.28820992,,2019_07_29
lectin-24A,oil_3,Oil,3,2,1,Control,Rpl,20.50206757,,2019_07_29
lectin-24A,oil_4,Oil,4,2,1,Control,Rpl,20.1205101,,2019_07_29
lectin-24A,waspoil_1,Wasp_Extract,1,2,1,Control,Rpl,20.40710068,,2019_07_29
lectin-24A,waspoil_2,Wasp_Extract,2,2,1,Control,Rpl,19.7543354,,2019_07_29
lectin-24A,waspoil_3,Wasp_Extract,3,2,1,Control,Rpl,19.83623695,,2019_07_29
lectin-24A,waspoil_4,Wasp_Extract,4,2,1,Control,Rpl,20.0605545,,2019_07_29
CG33461,control_1,Control,1,2,1,Control,Rpl,19.74513435,,2019_07_29
CG33461,control_2,Control,2,2,1,Control,Rpl,19.65669441,,2019_07_29
CG33461,control_3,Control,3,2,1,Control,Rpl,20.2791729,,2019_07_29
CG33461,control_4,Control,4,2,1,Control,Rpl,19.6261158,,2019_07_29
CG33461,oil_1,Oil,1,2,1,Control,Rpl,20.63779259,,2019_07_29
CG33461,oil_2,Oil,2,2,1,Control,Rpl,20.28820992,,2019_07_29
CG33461,oil_3,Oil,3,2,1,Control,Rpl,20.50206757,,2019_07_29
CG33461,oil_4,Oil,4,2,1,Control,Rpl,20.1205101,,2019_07_29
CG33461,waspoil_1,Wasp_Extract,1,2,1,Control,Rpl,20.40710068,,2019_07_29
CG33461,waspoil_2,Wasp_Extract,2,2,1,Control,Rpl,19.7543354,,2019_07_29
CG33461,waspoil_3,Wasp_Extract,3,2,1,Control,Rpl,19.83623695,,2019_07_29
CG33461,waspoil_4,Wasp_Extract,4,2,1,Control,Rpl,20.0605545,,2019_07_29
IM1,control_1,Control,1,2,1,Control,Rpl,19.74513435,,2019_07_29
IM1,control_2,Control,2,2,1,Control,Rpl,19.65669441,,2019_07_29
IM1,control_3,Control,3,2,1,Control,Rpl,20.2791729,,2019_07_29
IM1,control_4,Control,4,2,1,Control,Rpl,19.6261158,,2019_07_29
IM1,oil_1,Oil,1,2,1,Control,Rpl,20.63779259,,2019_07_29
IM1,oil_2,Oil,2,2,1,Control,Rpl,20.28820992,,2019_07_29
IM1,oil_3,Oil,3,2,1,Control,Rpl,20.50206757,,2019_07_29
IM1,oil_4,Oil,4,2,1,Control,Rpl,20.1205101,,2019_07_29
IM1,waspoil_1,Wasp_Extract,1,2,1,Control,Rpl,20.40710068,,2019_07_29
IM1,waspoil_2,Wasp_Extract,2,2,1,Control,Rpl,19.7543354,,2019_07_29
IM1,waspoil_3,Wasp_Extract,3,2,1,Control,Rpl,19.83623695,,2019_07_29
IM1,waspoil_4,Wasp_Extract,4,2,1,Control,Rpl,20.0605545,,2019_07_29
CG6788,control_1,Control,1,2,1,Control,Rpl,19.74513435,,2019_07_29
CG6788,control_2,Control,2,2,1,Control,Rpl,19.65669441,,2019_07_29
CG6788,control_3,Control,3,2,1,Control,Rpl,20.2791729,,2019_07_29
CG6788,control_4,Control,4,2,1,Control,Rpl,19.6261158,,2019_07_29
CG6788,oil_1,Oil,1,2,1,Control,Rpl,20.63779259,,2019_07_29
CG6788,oil_2,Oil,2,2,1,Control,Rpl,20.28820992,,2019_07_29
CG6788,oil_3,Oil,3,2,1,Control,Rpl,20.50206757,,2019_07_29
CG6788,oil_4,Oil,4,2,1,Control,Rpl,20.1205101,,2019_07_29
CG6788,waspoil_1,Wasp_Extract,1,2,1,Control,Rpl,20.40710068,,2019_07_29
CG6788,waspoil_2,Wasp_Extract,2,2,1,Control,Rpl,19.7543354,,2019_07_29
CG6788,waspoil_3,Wasp_Extract,3,2,1,Control,Rpl,19.83623695,,2019_07_29
CG6788,waspoil_4,Wasp_Extract,4,2,1,Control,Rpl,20.0605545,,2019_07_29
Tep1,control_1,Control,1,1,2,Experimental,Tep1,30.32024574,,2019_07_29
Tep1,control_2,Control,2,1,2,Experimental,Tep1,29.97771072,,2019_07_29
Tep1,control_3,Control,3,1,2,Experimental,Tep1,27.27843285,,2019_07_29
Tep1,control_4,Control,4,1,2,Experimental,Tep1,31.52685165,,2019_07_29
Tep1,oil_1,Oil,1,1,2,Experimental,Tep1,29.18755722,,2019_07_29
Tep1,oil_2,Oil,2,1,2,Experimental,Tep1,26.95240784,,2019_07_29
Tep1,oil_3,Oil,3,1,2,Experimental,Tep1,28.99511147,,2019_07_29
Tep1,oil_4,Oil,4,1,2,Experimental,Tep1,27.27272034,,2019_07_29
Tep1,waspoil_1,Wasp_Extract,1,1,2,Experimental,Tep1,25.20226669,,2019_07_29
Tep1,waspoil_2,Wasp_Extract,2,1,2,Experimental,Tep1,24.39602661,,2019_07_29
Tep1,waspoil_3,Wasp_Extract,3,1,2,Experimental,Tep1,25.34644508,,2019_07_29
Tep1,waspoil_4,Wasp_Extract,4,1,2,Experimental,Tep1,24.95249367,,2019_07_29
IM2,control_1,Control,1,1,2,Experimental,IM2,31.3757782,,2019_07_29
IM2,control_2,Control,2,1,2,Experimental,IM2,40,Undetermined,2019_07_29
IM2,control_3,Control,3,1,2,Experimental,IM2,22.90577698,,2019_07_29
IM2,control_4,Control,4,1,2,Experimental,IM2,35.81834412,,2019_07_29
IM2,oil_1,Oil,1,1,2,Experimental,IM2,24.890728,,2019_07_29
IM2,oil_2,Oil,2,1,2,Experimental,IM2,22.4974575,,2019_07_29
IM2,oil_3,Oil,3,1,2,Experimental,IM2,27.00723076,,2019_07_29
IM2,oil_4,Oil,4,1,2,Experimental,IM2,26.50795937,,2019_07_29
IM2,waspoil_1,Wasp_Extract,1,1,2,Experimental,IM2,25.89886475,,2019_07_29
IM2,waspoil_2,Wasp_Extract,2,1,2,Experimental,IM2,26.765131,,2019_07_29
IM2,waspoil_3,Wasp_Extract,3,1,2,Experimental,IM2,30.11265373,,2019_07_29
IM2,waspoil_4,Wasp_Extract,4,1,2,Experimental,IM2,27.23888969,,2019_07_29
CG33462,control_1,Control,1,1,2,Experimental,CG33462,32.96964264,,2019_07_29
CG33462,control_2,Control,2,1,2,Experimental,CG33462,32.11883926,,2019_07_29
CG33462,control_3,Control,3,1,2,Experimental,CG33462,28.18987656,,2019_07_29
CG33462,control_4,Control,4,1,2,Experimental,CG33462,32.73344421,,2019_07_29
CG33462,oil_1,Oil,1,1,2,Experimental,CG33462,31.93548393,,2019_07_29
CG33462,oil_2,Oil,2,1,2,Experimental,CG33462,31.07830811,,2019_07_29
CG33462,oil_3,Oil,3,1,2,Experimental,CG33462,32.38165665,,2019_07_29
CG33462,oil_4,Oil,4,1,2,Experimental,CG33462,31.22213173,,2019_07_29
CG33462,waspoil_1,Wasp_Extract,1,1,2,Experimental,CG33462,27.13719177,,2019_07_29
CG33462,waspoil_2,Wasp_Extract,2,1,2,Experimental,CG33462,25.51180458,,2019_07_29
CG33462,waspoil_3,Wasp_Extract,3,1,2,Experimental,CG33462,27.29032516,,2019_07_29
CG33462,waspoil_4,Wasp_Extract,4,1,2,Experimental,CG33462,26.26684189,,2019_07_29
Tep1,control_1,Control,1,2,2,Experimental,Tep1,30.35835266,,2019_07_29
Tep1,control_2,Control,2,2,2,Experimental,Tep1,29.50155258,,2019_07_29
Tep1,control_3,Control,3,2,2,Experimental,Tep1,27.28012085,,2019_07_29
Tep1,control_4,Control,4,2,2,Experimental,Tep1,32.37472534,,2019_07_29
Tep1,oil_1,Oil,1,2,2,Experimental,Tep1,29.52975082,,2019_07_29
Tep1,oil_2,Oil,2,2,2,Experimental,Tep1,26.42979622,,2019_07_29
Tep1,oil_3,Oil,3,2,2,Experimental,Tep1,28.99822998,,2019_07_29
Tep1,oil_4,Oil,4,2,2,Experimental,Tep1,27.10999107,,2019_07_29
Tep1,waspoil_1,Wasp_Extract,1,2,2,Experimental,Tep1,25.28205681,,2019_07_29
Tep1,waspoil_2,Wasp_Extract,2,2,2,Experimental,Tep1,24.13948059,,2019_07_29
Tep1,waspoil_3,Wasp_Extract,3,2,2,Experimental,Tep1,25.41821289,,2019_07_29
Tep1,waspoil_4,Wasp_Extract,4,2,2,Experimental,Tep1,24.88720894,,2019_07_29
IM2,control_1,Control,1,2,2,Experimental,IM2,31.12876892,,2019_07_29
IM2,control_2,Control,2,2,2,Experimental,IM2,40,Undetermined,2019_07_29
IM2,control_3,Control,3,2,2,Experimental,IM2,23.03705025,,2019_07_29
IM2,control_4,Control,4,2,2,Experimental,IM2,34.4618721,,2019_07_29
IM2,oil_1,Oil,1,2,2,Experimental,IM2,24.92446518,,2019_07_29
IM2,oil_2,Oil,2,2,2,Experimental,IM2,22.13652039,,2019_07_29
IM2,oil_3,Oil,3,2,2,Experimental,IM2,26.8997879,,2019_07_29
IM2,oil_4,Oil,4,2,2,Experimental,IM2,26.32351875,,2019_07_29
IM2,waspoil_1,Wasp_Extract,1,2,2,Experimental,IM2,25.76057625,,2019_07_29
IM2,waspoil_2,Wasp_Extract,2,2,2,Experimental,IM2,26.94704056,,2019_07_29
IM2,waspoil_3,Wasp_Extract,3,2,2,Experimental,IM2,30.43665886,,2019_07_29
IM2,waspoil_4,Wasp_Extract,4,2,2,Experimental,IM2,27.4753952,,2019_07_29
CG33462,control_1,Control,1,2,2,Experimental,CG33462,32.32859421,,2019_07_29
CG33462,control_2,Control,2,2,2,Experimental,CG33462,32.03808212,,2019_07_29
CG33462,control_3,Control,3,2,2,Experimental,CG33462,28.13583374,,2019_07_29
CG33462,control_4,Control,4,2,2,Experimental,CG33462,33.33810806,,2019_07_29
CG33462,oil_1,Oil,1,2,2,Experimental,CG33462,32.6221962,,2019_07_29
CG33462,oil_2,Oil,2,2,2,Experimental,CG33462,30.95775795,,2019_07_29
CG33462,oil_3,Oil,3,2,2,Experimental,CG33462,33.26600266,,2019_07_29
CG33462,oil_4,Oil,4,2,2,Experimental,CG33462,32.47298813,,2019_07_29
CG33462,waspoil_1,Wasp_Extract,1,2,2,Experimental,CG33462,27.12382126,,2019_07_29
CG33462,waspoil_2,Wasp_Extract,2,2,2,Experimental,CG33462,25.26932144,,2019_07_29
CG33462,waspoil_3,Wasp_Extract,3,2,2,Experimental,CG33462,27.66824722,,2019_07_29
CG33462,waspoil_4,Wasp_Extract,4,2,2,Experimental,CG33462,26.14842224,,2019_07_29
Tep1,control_1,Control,1,1,2,Control,Rpl,20.59089279,,2019_07_29
Tep1,control_2,Control,2,1,2,Control,Rpl,20.70097923,,2019_07_29
Tep1,control_3,Control,3,1,2,Control,Rpl,20.95761871,,2019_07_29
Tep1,control_4,Control,4,1,2,Control,Rpl,20.23299408,,2019_07_29
Tep1,oil_1,Oil,1,1,2,Control,Rpl,21.23432732,,2019_07_29
Tep1,oil_2,Oil,2,1,2,Control,Rpl,21.12591934,,2019_07_29
Tep1,oil_3,Oil,3,1,2,Control,Rpl,21.1047287,,2019_07_29
Tep1,oil_4,Oil,4,1,2,Control,Rpl,20.97932243,,2019_07_29
Tep1,waspoil_1,Wasp_Extract,1,1,2,Control,Rpl,21.08394241,,2019_07_29
Tep1,waspoil_2,Wasp_Extract,2,1,2,Control,Rpl,20.59468269,,2019_07_29
Tep1,waspoil_3,Wasp_Extract,3,1,2,Control,Rpl,20.57586479,,2019_07_29
Tep1,waspoil_4,Wasp_Extract,4,1,2,Control,Rpl,20.75489044,,2019_07_29
IM2,control_1,Control,1,1,2,Control,Rpl,20.59089279,,2019_07_29
IM2,control_2,Control,2,1,2,Control,Rpl,20.70097923,,2019_07_29
IM2,control_3,Control,3,1,2,Control,Rpl,20.95761871,,2019_07_29
IM2,control_4,Control,4,1,2,Control,Rpl,20.23299408,,2019_07_29
IM2,oil_1,Oil,1,1,2,Control,Rpl,21.23432732,,2019_07_29
IM2,oil_2,Oil,2,1,2,Control,Rpl,21.12591934,,2019_07_29
IM2,oil_3,Oil,3,1,2,Control,Rpl,21.1047287,,2019_07_29
IM2,oil_4,Oil,4,1,2,Control,Rpl,20.97932243,,2019_07_29
IM2,waspoil_1,Wasp_Extract,1,1,2,Control,Rpl,21.08394241,,2019_07_29
IM2,waspoil_2,Wasp_Extract,2,1,2,Control,Rpl,20.59468269,,2019_07_29
IM2,waspoil_3,Wasp_Extract,3,1,2,Control,Rpl,20.57586479,,2019_07_29
IM2,waspoil_4,Wasp_Extract,4,1,2,Control,Rpl,20.75489044,,2019_07_29
CG33462,control_1,Control,1,1,2,Control,Rpl,20.59089279,,2019_07_29
CG33462,control_2,Control,2,1,2,Control,Rpl,20.70097923,,2019_07_29
CG33462,control_3,Control,3,1,2,Control,Rpl,20.95761871,,2019_07_29
CG33462,control_4,Control,4,1,2,Control,Rpl,20.23299408,,2019_07_29
CG33462,oil_1,Oil,1,1,2,Control,Rpl,21.23432732,,2019_07_29
CG33462,oil_2,Oil,2,1,2,Control,Rpl,21.12591934,,2019_07_29
CG33462,oil_3,Oil,3,1,2,Control,Rpl,21.1047287,,2019_07_29
CG33462,oil_4,Oil,4,1,2,Control,Rpl,20.97932243,,2019_07_29
CG33462,waspoil_1,Wasp_Extract,1,1,2,Control,Rpl,21.08394241,,2019_07_29
CG33462,waspoil_2,Wasp_Extract,2,1,2,Control,Rpl,20.59468269,,2019_07_29
CG33462,waspoil_3,Wasp_Extract,3,1,2,Control,Rpl,20.57586479,,2019_07_29
CG33462,waspoil_4,Wasp_Extract,4,1,2,Control,Rpl,20.75489044,,2019_07_29
Tep1,control_1,Control,1,2,2,Control,Rpl,20.41846085,,2019_07_29
Tep1,control_2,Control,2,2,2,Control,Rpl,20.63648796,,2019_07_29
Tep1,control_3,Control,3,2,2,Control,Rpl,20.9559021,,2019_07_29
Tep1,control_4,Control,4,2,2,Control,Rpl,20.10507011,,2019_07_29
Tep1,oil_1,Oil,1,2,2,Control,Rpl,20.78053093,,2019_07_29
Tep1,oil_2,Oil,2,2,2,Control,Rpl,21.18034363,,2019_07_29
Tep1,oil_3,Oil,3,2,2,Control,Rpl,21.22415352,,2019_07_29
Tep1,oil_4,Oil,4,2,2,Control,Rpl,20.78367615,,2019_07_29
Tep1,waspoil_1,Wasp_Extract,1,2,2,Control,Rpl,20.89031029,,2019_07_29
Tep1,waspoil_2,Wasp_Extract,2,2,2,Control,Rpl,20.40974236,,2019_07_29
Tep1,waspoil_3,Wasp_Extract,3,2,2,Control,Rpl,20.40125275,,2019_07_29
Tep1,waspoil_4,Wasp_Extract,4,2,2,Control,Rpl,20.50485992,,2019_07_29
IM2,control_1,Control,1,2,2,Control,Rpl,20.41846085,,2019_07_29
IM2,control_2,Control,2,2,2,Control,Rpl,20.63648796,,2019_07_29
IM2,control_3,Control,3,2,2,Control,Rpl,20.9559021,,2019_07_29
IM2,control_4,Control,4,2,2,Control,Rpl,20.10507011,,2019_07_29
IM2,oil_1,Oil,1,2,2,Control,Rpl,20.78053093,,2019_07_29
IM2,oil_2,Oil,2,2,2,Control,Rpl,21.18034363,,2019_07_29
IM2,oil_3,Oil,3,2,2,Control,Rpl,21.22415352,,2019_07_29
IM2,oil_4,Oil,4,2,2,Control,Rpl,20.78367615,,2019_07_29
IM2,waspoil_1,Wasp_Extract,1,2,2,Control,Rpl,20.89031029,,2019_07_29
IM2,waspoil_2,Wasp_Extract,2,2,2,Control,Rpl,20.40974236,,2019_07_29
IM2,waspoil_3,Wasp_Extract,3,2,2,Control,Rpl,20.40125275,,2019_07_29
IM2,waspoil_4,Wasp_Extract,4,2,2,Control,Rpl,20.50485992,,2019_07_29
CG33462,control_1,Control,1,2,2,Control,Rpl,20.41846085,,2019_07_29
CG33462,control_2,Control,2,2,2,Control,Rpl,20.63648796,,2019_07_29
CG33462,control_3,Control,3,2,2,Control,Rpl,20.9559021,,2019_07_29
CG33462,control_4,Control,4,2,2,Control,Rpl,20.10507011,,2019_07_29
CG33462,oil_1,Oil,1,2,2,Control,Rpl,20.78053093,,2019_07_29
CG33462,oil_2,Oil,2,2,2,Control,Rpl,21.18034363,,2019_07_29
CG33462,oil_3,Oil,3,2,2,Control,Rpl,21.22415352,,2019_07_29
CG33462,oil_4,Oil,4,2,2,Control,Rpl,20.78367615,,2019_07_29
CG33462,waspoil_1,Wasp_Extract,1,2,2,Control,Rpl,20.89031029,,2019_07_29
CG33462,waspoil_2,Wasp_Extract,2,2,2,Control,Rpl,20.40974236,,2019_07_29
CG33462,waspoil_3,Wasp_Extract,3,2,2,Control,Rpl,20.40125275,,2019_07_29
CG33462,waspoil_4,Wasp_Extract,4,2,2,Control,Rpl,20.50485992,,2019_07_29
CG10764,control_1,Control,1,1,3,Experimental,CG10764,31.23031998,,2019_07_29
CG10764,control_2,Control,2,1,3,Experimental,CG10764,30.965168,,2019_07_29
CG10764,control_3,Control,3,1,3,Experimental,CG10764,30.00378609,,2019_07_29
CG10764,control_4,Control,4,1,3,Experimental,CG10764,33.10056686,,2019_07_29
CG10764,oil_1,Oil,1,1,3,Experimental,CG10764,34.75773621,,2019_07_29
CG10764,oil_2,Oil,2,1,3,Experimental,CG10764,32.02039719,,2019_07_29
CG10764,oil_3,Oil,3,1,3,Experimental,CG10764,32.25336838,,2019_07_29
CG10764,oil_4,Oil,4,1,3,Experimental,CG10764,29.8506813,,2019_07_29
CG10764,waspoil_1,Wasp_Extract,1,1,3,Experimental,CG10764,28.63940811,,2019_07_29
CG10764,waspoil_2,Wasp_Extract,2,1,3,Experimental,CG10764,27.32616043,,2019_07_29
CG10764,waspoil_3,Wasp_Extract,3,1,3,Experimental,CG10764,28.7034359,,2019_07_29
CG10764,waspoil_4,Wasp_Extract,4,1,3,Experimental,CG10764,27.39101982,,2019_07_29
CG43124,control_1,Control,1,1,3,Experimental,CG43124,26.11179733,,2019_07_29
CG43124,control_2,Control,2,1,3,Experimental,CG43124,26.30867004,,2019_07_29
CG43124,control_3,Control,3,1,3,Experimental,CG43124,26.77365112,,2019_07_29
CG43124,control_4,Control,4,1,3,Experimental,CG43124,27.16509438,,2019_07_29
CG43124,oil_1,Oil,1,1,3,Experimental,CG43124,27.7608242,,2019_07_29
CG43124,oil_2,Oil,2,1,3,Experimental,CG43124,27.48713112,,2019_07_29
CG43124,oil_3,Oil,3,1,3,Experimental,CG43124,27.54375839,,2019_07_29
CG43124,oil_4,Oil,4,1,3,Experimental,CG43124,27.34086609,,2019_07_29
CG43124,waspoil_1,Wasp_Extract,1,1,3,Experimental,CG43124,26.93885803,,2019_07_29
CG43124,waspoil_2,Wasp_Extract,2,1,3,Experimental,CG43124,25.23043823,,2019_07_29
CG43124,waspoil_3,Wasp_Extract,3,1,3,Experimental,CG43124,26.42416573,,2019_07_29
CG43124,waspoil_4,Wasp_Extract,4,1,3,Experimental,CG43124,26.37730598,,2019_07_29
CG11313,control_1,Control,1,1,3,Experimental,CG11313,27.24430275,,2019_07_29
CG11313,control_2,Control,2,1,3,Experimental,CG11313,28.46146202,,2019_07_29
CG11313,control_3,Control,3,1,3,Experimental,CG11313,26.38596725,,2019_07_29
CG11313,control_4,Control,4,1,3,Experimental,CG11313,27.29896355,,2019_07_29
CG11313,oil_1,Oil,1,1,3,Experimental,CG11313,27.48321724,,2019_07_29
CG11313,oil_2,Oil,2,1,3,Experimental,CG11313,27.56555939,,2019_07_29
CG11313,oil_3,Oil,3,1,3,Experimental,CG11313,27.68551064,,2019_07_29
CG11313,oil_4,Oil,4,1,3,Experimental,CG11313,26.94418335,,2019_07_29
CG11313,waspoil_1,Wasp_Extract,1,1,3,Experimental,CG11313,25.92189789,,2019_07_29
CG11313,waspoil_2,Wasp_Extract,2,1,3,Experimental,CG11313,25.13096809,,2019_07_29
CG11313,waspoil_3,Wasp_Extract,3,1,3,Experimental,CG11313,25.71025848,,2019_07_29
CG11313,waspoil_4,Wasp_Extract,4,1,3,Experimental,CG11313,25.73333549,,2019_07_29
CG34436,control_1,Control,1,1,3,Experimental,CG34436,27.5849247,,2019_07_29
CG34436,control_2,Control,2,1,3,Experimental,CG34436,27.98236465,,2019_07_29
CG34436,control_3,Control,3,1,3,Experimental,CG34436,28.13724327,,2019_07_29
CG34436,control_4,Control,4,1,3,Experimental,CG34436,28.28561211,,2019_07_29
CG34436,oil_1,Oil,1,1,3,Experimental,CG34436,28.03248787,,2019_07_29
CG34436,oil_2,Oil,2,1,3,Experimental,CG34436,29.99481583,,2019_07_29
CG34436,oil_3,Oil,3,1,3,Experimental,CG34436,29.42284775,,2019_07_29
CG34436,oil_4,Oil,4,1,3,Experimental,CG34436,28.43127441,,2019_07_29
CG34436,waspoil_1,Wasp_Extract,1,1,3,Experimental,CG34436,27.90579033,,2019_07_29
CG34436,waspoil_2,Wasp_Extract,2,1,3,Experimental,CG34436,26.50396347,,2019_07_29
CG34436,waspoil_3,Wasp_Extract,3,1,3,Experimental,CG34436,26.73939133,,2019_07_29
CG34436,waspoil_4,Wasp_Extract,4,1,3,Experimental,CG34436,26.4269104,,2019_07_29
CG10764,control_1,Control,1,2,3,Experimental,CG10764,31.23318291,,2019_07_29
CG10764,control_2,Control,2,2,3,Experimental,CG10764,30.94031715,,2019_07_29
CG10764,control_3,Control,3,2,3,Experimental,CG10764,30.18824577,,2019_07_29
CG10764,control_4,Control,4,2,3,Experimental,CG10764,33.41072464,,2019_07_29
CG10764,oil_1,Oil,1,2,3,Experimental,CG10764,33.23646927,,2019_07_29
CG10764,oil_2,Oil,2,2,3,Experimental,CG10764,34.7995224,,2019_07_29
CG10764,oil_3,Oil,3,2,3,Experimental,CG10764,33.8578186,,2019_07_29
CG10764,oil_4,Oil,4,2,3,Experimental,CG10764,29.68368912,,2019_07_29
CG10764,waspoil_1,Wasp_Extract,1,2,3,Experimental,CG10764,28.49783516,,2019_07_29
CG10764,waspoil_2,Wasp_Extract,2,2,3,Experimental,CG10764,27.20225143,,2019_07_29
CG10764,waspoil_3,Wasp_Extract,3,2,3,Experimental,CG10764,28.68712425,,2019_07_29
CG10764,waspoil_4,Wasp_Extract,4,2,3,Experimental,CG10764,27.45851898,,2019_07_29
CG43124,control_1,Control,1,2,3,Experimental,CG43124,26.06570625,,2019_07_29
CG43124,control_2,Control,2,2,3,Experimental,CG43124,26.50913811,,2019_07_29
CG43124,control_3,Control,3,2,3,Experimental,CG43124,26.85740089,,2019_07_29
CG43124,control_4,Control,4,2,3,Experimental,CG43124,26.97685432,,2019_07_29
CG43124,oil_1,Oil,1,2,3,Experimental,CG43124,27.89302444,,2019_07_29
CG43124,oil_2,Oil,2,2,3,Experimental,CG43124,27.21737099,,2019_07_29
CG43124,oil_3,Oil,3,2,3,Experimental,CG43124,27.72093201,,2019_07_29
CG43124,oil_4,Oil,4,2,3,Experimental,CG43124,27.50599098,,2019_07_29
CG43124,waspoil_1,Wasp_Extract,1,2,3,Experimental,CG43124,26.92573929,,2019_07_29
CG43124,waspoil_2,Wasp_Extract,2,2,3,Experimental,CG43124,25.09580803,,2019_07_29
CG43124,waspoil_3,Wasp_Extract,3,2,3,Experimental,CG43124,26.33766174,,2019_07_29
CG43124,waspoil_4,Wasp_Extract,4,2,3,Experimental,CG43124,26.2951088,,2019_07_29
CG11313,control_1,Control,1,2,3,Experimental,CG11313,27.35940742,,2019_07_29
CG11313,control_2,Control,2,2,3,Experimental,CG11313,28.36903381,,2019_07_29
CG11313,control_3,Control,3,2,3,Experimental,CG11313,26.22247696,,2019_07_29
CG11313,control_4,Control,4,2,3,Experimental,CG11313,27.34166527,,2019_07_29
CG11313,oil_1,Oil,1,2,3,Experimental,CG11313,27.38023567,,2019_07_29
CG11313,oil_2,Oil,2,2,3,Experimental,CG11313,27.43249893,,2019_07_29
CG11313,oil_3,Oil,3,2,3,Experimental,CG11313,27.81869698,,2019_07_29
CG11313,oil_4,Oil,4,2,3,Experimental,CG11313,26.93133545,,2019_07_29
CG11313,waspoil_1,Wasp_Extract,1,2,3,Experimental,CG11313,25.69382668,,2019_07_29
CG11313,waspoil_2,Wasp_Extract,2,2,3,Experimental,CG11313,25.0989666,,2019_07_29
CG11313,waspoil_3,Wasp_Extract,3,2,3,Experimental,CG11313,25.55400467,,2019_07_29
CG11313,waspoil_4,Wasp_Extract,4,2,3,Experimental,CG11313,25.54918861,,2019_07_29
CG34436,control_1,Control,1,2,3,Experimental,CG34436,27.5941124,,2019_07_29
CG34436,control_2,Control,2,2,3,Experimental,CG34436,27.92664719,,2019_07_29
CG34436,control_3,Control,3,2,3,Experimental,CG34436,28.26100922,,2019_07_29
CG34436,control_4,Control,4,2,3,Experimental,CG34436,28.32990265,,2019_07_29
CG34436,oil_1,Oil,1,2,3,Experimental,CG34436,27.97050285,,2019_07_29
CG34436,oil_2,Oil,2,2,3,Experimental,CG34436,29.88943672,,2019_07_29
CG34436,oil_3,Oil,3,2,3,Experimental,CG34436,29.25003815,,2019_07_29
CG34436,oil_4,Oil,4,2,3,Experimental,CG34436,28.37974358,,2019_07_29
CG34436,waspoil_1,Wasp_Extract,1,2,3,Experimental,CG34436,28.09659004,,2019_07_29
CG34436,waspoil_2,Wasp_Extract,2,2,3,Experimental,CG34436,26.39693451,,2019_07_29
CG34436,waspoil_3,Wasp_Extract,3,2,3,Experimental,CG34436,26.86158371,,2019_07_29
CG34436,waspoil_4,Wasp_Extract,4,2,3,Experimental,CG34436,26.49025345,,2019_07_29
CG10764,control_1,Control,1,1,3,Control,Rpl,20.59089279,,2019_07_29
CG10764,control_2,Control,2,1,3,Control,Rpl,20.70097923,,2019_07_29
CG10764,control_3,Control,3,1,3,Control,Rpl,20.95761871,,2019_07_29
CG10764,control_4,Control,4,1,3,Control,Rpl,20.23299408,,2019_07_29
CG10764,oil_1,Oil,1,1,3,Control,Rpl,21.23432732,,2019_07_29
CG10764,oil_2,Oil,2,1,3,Control,Rpl,21.12591934,,2019_07_29
CG10764,oil_3,Oil,3,1,3,Control,Rpl,21.1047287,,2019_07_29
CG10764,oil_4,Oil,4,1,3,Control,Rpl,20.97932243,,2019_07_29
CG10764,waspoil_1,Wasp_Extract,1,1,3,Control,Rpl,21.08394241,,2019_07_29
CG10764,waspoil_2,Wasp_Extract,2,1,3,Control,Rpl,20.59468269,,2019_07_29
CG10764,waspoil_3,Wasp_Extract,3,1,3,Control,Rpl,20.57586479,,2019_07_29
CG10764,waspoil_4,Wasp_Extract,4,1,3,Control,Rpl,20.75489044,,2019_07_29
CG43124,control_1,Control,1,1,3,Control,Rpl,20.59089279,,2019_07_29
CG43124,control_2,Control,2,1,3,Control,Rpl,20.70097923,,2019_07_29
CG43124,control_3,Control,3,1,3,Control,Rpl,20.95761871,,2019_07_29
CG43124,control_4,Control,4,1,3,Control,Rpl,20.23299408,,2019_07_29
CG43124,oil_1,Oil,1,1,3,Control,Rpl,21.23432732,,2019_07_29
CG43124,oil_2,Oil,2,1,3,Control,Rpl,21.12591934,,2019_07_29
CG43124,oil_3,Oil,3,1,3,Control,Rpl,21.1047287,,2019_07_29
CG43124,oil_4,Oil,4,1,3,Control,Rpl,20.97932243,,2019_07_29
CG43124,waspoil_1,Wasp_Extract,1,1,3,Control,Rpl,21.08394241,,2019_07_29
CG43124,waspoil_2,Wasp_Extract,2,1,3,Control,Rpl,20.59468269,,2019_07_29
CG43124,waspoil_3,Wasp_Extract,3,1,3,Control,Rpl,20.57586479,,2019_07_29
CG43124,waspoil_4,Wasp_Extract,4,1,3,Control,Rpl,20.75489044,,2019_07_29
CG11313,control_1,Control,1,1,3,Control,Rpl,20.59089279,,2019_07_29
CG11313,control_2,Control,2,1,3,Control,Rpl,20.70097923,,2019_07_29
CG11313,control_3,Control,3,1,3,Control,Rpl,20.95761871,,2019_07_29
CG11313,control_4,Control,4,1,3,Control,Rpl,20.23299408,,2019_07_29
CG11313,oil_1,Oil,1,1,3,Control,Rpl,21.23432732,,2019_07_29
CG11313,oil_2,Oil,2,1,3,Control,Rpl,21.12591934,,2019_07_29
CG11313,oil_3,Oil,3,1,3,Control,Rpl,21.1047287,,2019_07_29
CG11313,oil_4,Oil,4,1,3,Control,Rpl,20.97932243,,2019_07_29
CG11313,waspoil_1,Wasp_Extract,1,1,3,Control,Rpl,21.08394241,,2019_07_29
CG11313,waspoil_2,Wasp_Extract,2,1,3,Control,Rpl,20.59468269,,2019_07_29
CG11313,waspoil_3,Wasp_Extract,3,1,3,Control,Rpl,20.57586479,,2019_07_29
CG11313,waspoil_4,Wasp_Extract,4,1,3,Control,Rpl,20.75489044,,2019_07_29
CG34436,control_1,Control,1,1,3,Control,Rpl,20.59089279,,2019_07_29
CG34436,control_2,Control,2,1,3,Control,Rpl,20.70097923,,2019_07_29
CG34436,control_3,Control,3,1,3,Control,Rpl,20.95761871,,2019_07_29
CG34436,control_4,Control,4,1,3,Control,Rpl,20.23299408,,2019_07_29
CG34436,oil_1,Oil,1,1,3,Control,Rpl,21.23432732,,2019_07_29
CG34436,oil_2,Oil,2,1,3,Control,Rpl,21.12591934,,2019_07_29
CG34436,oil_3,Oil,3,1,3,Control,Rpl,21.1047287,,2019_07_29
CG34436,oil_4,Oil,4,1,3,Control,Rpl,20.97932243,,2019_07_29
CG34436,waspoil_1,Wasp_Extract,1,1,3,Control,Rpl,21.08394241,,2019_07_29
CG34436,waspoil_2,Wasp_Extract,2,1,3,Control,Rpl,20.59468269,,2019_07_29
CG34436,waspoil_3,Wasp_Extract,3,1,3,Control,Rpl,20.57586479,,2019_07_29
CG34436,waspoil_4,Wasp_Extract,4,1,3,Control,Rpl,20.75489044,,2019_07_29
CG10764,control_1,Control,1,2,3,Control,Rpl,20.41846085,,2019_07_29
CG10764,control_2,Control,2,2,3,Control,Rpl,20.63648796,,2019_07_29
CG10764,control_3,Control,3,2,3,Control,Rpl,20.9559021,,2019_07_29
CG10764,control_4,Control,4,2,3,Control,Rpl,20.10507011,,2019_07_29
CG10764,oil_1,Oil,1,2,3,Control,Rpl,20.78053093,,2019_07_29
CG10764,oil_2,Oil,2,2,3,Control,Rpl,21.18034363,,2019_07_29
CG10764,oil_3,Oil,3,2,3,Control,Rpl,21.22415352,,2019_07_29
CG10764,oil_4,Oil,4,2,3,Control,Rpl,20.78367615,,2019_07_29
CG10764,waspoil_1,Wasp_Extract,1,2,3,Control,Rpl,20.89031029,,2019_07_29
CG10764,waspoil_2,Wasp_Extract,2,2,3,Control,Rpl,20.40974236,,2019_07_29
CG10764,waspoil_3,Wasp_Extract,3,2,3,Control,Rpl,20.40125275,,2019_07_29
CG10764,waspoil_4,Wasp_Extract,4,2,3,Control,Rpl,20.50485992,,2019_07_29
CG43124,control_1,Control,1,2,3,Control,Rpl,20.41846085,,2019_07_29
CG43124,control_2,Control,2,2,3,Control,Rpl,20.63648796,,2019_07_29
CG43124,control_3,Control,3,2,3,Control,Rpl,20.9559021,,2019_07_29
CG43124,control_4,Control,4,2,3,Control,Rpl,20.10507011,,2019_07_29
CG43124,oil_1,Oil,1,2,3,Control,Rpl,20.78053093,,2019_07_29
CG43124,oil_2,Oil,2,2,3,Control,Rpl,21.18034363,,2019_07_29
CG43124,oil_3,Oil,3,2,3,Control,Rpl,21.22415352,,2019_07_29
CG43124,oil_4,Oil,4,2,3,Control,Rpl,20.78367615,,2019_07_29
CG43124,waspoil_1,Wasp_Extract,1,2,3,Control,Rpl,20.89031029,,2019_07_29
CG43124,waspoil_2,Wasp_Extract,2,2,3,Control,Rpl,20.40974236,,2019_07_29
CG43124,waspoil_3,Wasp_Extract,3,2,3,Control,Rpl,20.40125275,,2019_07_29
CG43124,waspoil_4,Wasp_Extract,4,2,3,Control,Rpl,20.50485992,,2019_07_29
CG11313,control_1,Control,1,2,3,Control,Rpl,20.41846085,,2019_07_29
CG11313,control_2,Control,2,2,3,Control,Rpl,20.63648796,,2019_07_29
CG11313,control_3,Control,3,2,3,Control,Rpl,20.9559021,,2019_07_29
CG11313,control_4,Control,4,2,3,Control,Rpl,20.10507011,,2019_07_29
CG11313,oil_1,Oil,1,2,3,Control,Rpl,20.78053093,,2019_07_29
CG11313,oil_2,Oil,2,2,3,Control,Rpl,21.18034363,,2019_07_29
CG11313,oil_3,Oil,3,2,3,Control,Rpl,21.22415352,,2019_07_29
CG11313,oil_4,Oil,4,2,3,Control,Rpl,20.78367615,,2019_07_29
CG11313,waspoil_1,Wasp_Extract,1,2,3,Control,Rpl,20.89031029,,2019_07_29
CG11313,waspoil_2,Wasp_Extract,2,2,3,Control,Rpl,20.40974236,,2019_07_29
CG11313,waspoil_3,Wasp_Extract,3,2,3,Control,Rpl,20.40125275,,2019_07_29
CG11313,waspoil_4,Wasp_Extract,4,2,3,Control,Rpl,20.50485992,,2019_07_29
CG34436,control_1,Control,1,2,3,Control,Rpl,20.41846085,,2019_07_29
CG34436,control_2,Control,2,2,3,Control,Rpl,20.63648796,,2019_07_29
CG34436,control_3,Control,3,2,3,Control,Rpl,20.9559021,,2019_07_29
CG34436,control_4,Control,4,2,3,Control,Rpl,20.10507011,,2019_07_29
CG34436,oil_1,Oil,1,2,3,Control,Rpl,20.78053093,,2019_07_29
CG34436,oil_2,Oil,2,2,3,Control,Rpl,21.18034363,,2019_07_29
CG34436,oil_3,Oil,3,2,3,Control,Rpl,21.22415352,,2019_07_29
CG34436,oil_4,Oil,4,2,3,Control,Rpl,20.78367615,,2019_07_29
CG34436,waspoil_1,Wasp_Extract,1,2,3,Control,Rpl,20.89031029,,2019_07_29
CG34436,waspoil_2,Wasp_Extract,2,2,3,Control,Rpl,20.40974236,,2019_07_29
CG34436,waspoil_3,Wasp_Extract,3,2,3,Control,Rpl,20.40125275,,2019_07_29
CG34436,waspoil_4,Wasp_Extract,4,2,3,Control,Rpl,20.50485992,,2019_07_29
CG30002,control_1,Control,1,1,4,Experimental,CG30002,33.15642548,,2019_07_30
CG30002,control_2,Control,2,1,4,Experimental,CG30002,34.08349609,,2019_07_30
CG30002,control_3,Control,3,1,4,Experimental,CG30002,29.39100838,,2019_07_30
CG30002,control_4,Control,4,1,4,Experimental,CG30002,40,Undetermined,2019_07_30
CG30002,oil_1,Oil,1,1,4,Experimental,CG30002,33.07844543,,2019_07_30
CG30002,oil_2,Oil,2,1,4,Experimental,CG30002,31.81188774,,2019_07_30
CG30002,oil_3,Oil,3,1,4,Experimental,CG30002,34.82575607,,2019_07_30
CG30002,oil_4,Oil,4,1,4,Experimental,CG30002,33.13911819,,2019_07_30
CG30002,waspoil_1,Wasp_Extract,1,1,4,Experimental,CG30002,28.92276955,,2019_07_30
CG30002,waspoil_2,Wasp_Extract,2,1,4,Experimental,CG30002,28.31051445,,2019_07_30
CG30002,waspoil_3,Wasp_Extract,3,1,4,Experimental,CG30002,29.00909233,,2019_07_30
CG30002,waspoil_4,Wasp_Extract,4,1,4,Experimental,CG30002,29.05279732,,2019_07_30
CG30002,control_1,Control,1,2,4,Experimental,CG30002,33.51857758,,2019_07_30
CG30002,control_2,Control,2,2,4,Experimental,CG30002,34.85771179,,2019_07_30
CG30002,control_3,Control,3,2,4,Experimental,CG30002,29.37660789,,2019_07_30
CG30002,control_4,Control,4,2,4,Experimental,CG30002,34.85129547,,2019_07_30
CG30002,oil_1,Oil,1,2,4,Experimental,CG30002,33.27508545,,2019_07_30
CG30002,oil_2,Oil,2,2,4,Experimental,CG30002,32.94510269,,2019_07_30
CG30002,oil_3,Oil,3,2,4,Experimental,CG30002,35.2388649,,2019_07_30
CG30002,oil_4,Oil,4,2,4,Experimental,CG30002,32.69452286,,2019_07_30
CG30002,waspoil_1,Wasp_Extract,1,2,4,Experimental,CG30002,29.35912323,,2019_07_30
CG30002,waspoil_2,Wasp_Extract,2,2,4,Experimental,CG30002,28.38159561,,2019_07_30
CG30002,waspoil_3,Wasp_Extract,3,2,4,Experimental,CG30002,28.93949699,,2019_07_30
CG30002,waspoil_4,Wasp_Extract,4,2,4,Experimental,CG30002,29.10480118,,2019_07_30
CG30002,control_1,Control,1,1,4,Control,Rpl,20.00071144,,2019_07_30
CG30002,control_2,Control,2,1,4,Control,Rpl,19.94774818,,2019_07_30
CG30002,control_3,Control,3,1,4,Control,Rpl,20.69581413,,2019_07_30
CG30002,control_4,Control,4,1,4,Control,Rpl,19.93334198,,2019_07_30
CG30002,oil_1,Oil,1,1,4,Control,Rpl,20.96531677,,2019_07_30
CG30002,oil_2,Oil,2,1,4,Control,Rpl,20.75997543,,2019_07_30
CG30002,oil_3,Oil,3,1,4,Control,Rpl,20.89467049,,2019_07_30
CG30002,oil_4,Oil,4,1,4,Control,Rpl,20.5833149,,2019_07_30
CG30002,waspoil_1,Wasp_Extract,1,1,4,Control,Rpl,20.94578362,,2019_07_30
CG30002,waspoil_2,Wasp_Extract,2,1,4,Control,Rpl,20.05727577,,2019_07_30
CG30002,waspoil_3,Wasp_Extract,3,1,4,Control,Rpl,20.19684601,,2019_07_30
CG30002,waspoil_4,Wasp_Extract,4,1,4,Control,Rpl,20.40401459,,2019_07_30
CG30002,control_1,Control,1,2,4,Control,Rpl,19.97848511,,2019_07_30
CG30002,control_2,Control,2,2,4,Control,Rpl,19.96486092,,2019_07_30
CG30002,control_3,Control,3,2,4,Control,Rpl,20.70949173,,2019_07_30
CG30002,control_4,Control,4,2,4,Control,Rpl,19.94925308,,2019_07_30
CG30002,oil_1,Oil,1,2,4,Control,Rpl,20.95078468,,2019_07_30
CG30002,oil_2,Oil,2,2,4,Control,Rpl,20.78782272,,2019_07_30
CG30002,oil_3,Oil,3,2,4,Control,Rpl,20.88858223,,2019_07_30
CG30002,oil_4,Oil,4,2,4,Control,Rpl,20.60955048,,2019_07_30
CG30002,waspoil_1,Wasp_Extract,1,2,4,Control,Rpl,20.96907616,,2019_07_30
CG30002,waspoil_2,Wasp_Extract,2,2,4,Control,Rpl,20.07626724,,2019_07_30
CG30002,waspoil_3,Wasp_Extract,3,2,4,Control,Rpl,20.16019249,,2019_07_30
CG30002,waspoil_4,Wasp_Extract,4,2,4,Control,Rpl,20.52284241,,2019_07_30